{"stats":{"minecraft:broken":{"minecraft:iron_chestplate":1,"minecraft:iron_leggings":1,"minecraft:stone_pickaxe":6,"minecraft:stone_shovel":8,"minecraft:stone_hoe":2,"mna:wand_cerublossom":1,"orcz:orcteeth_tool_sword":1,"minecraft:iron_pickaxe":5,"minecraft:iron_helmet":1},"minecraft:dropped":{"minecraft:lapis_lazuli":1,"minecraft:cooked_beef":1,"minecraft:oak_log":3,"minecraft:glass_bottle":12,"minecraft:crafting_table":2,"ecologics:coconut_slice":8,"minecraft:cooked_porkchop":6,"mna:cerublossom":2,"orcz:blue_orcshroom":16,"minecraft:leather_helmet":1,"iceandfire:graveyard_soil":3,"minecraft:flint":5,"minecraft:dirt":68,"quark:acacia_chest":1,"minecraft:stone_button":3,"biomesoplenty:flowering_oak_sapling":1,"supplementaries:flax":2,"minecraft:iron_pickaxe":3,"minecraft:white_wool":1,"minecraft:gold_ingot":6,"minecraft:oak_door":1,"minecraft:gravel":61,"minecraft:white_tulip":2,"bountiful:bounty":1,"minecraft:iron_nugget":5,"cataclysm:chiseled_stone_brick_pillar":1,"minecraft:rotten_flesh":2,"orcz:orcshroom":18,"minecraft:dark_oak_fence_gate":2,"minecraft:rabbit_hide":10,"minecraft:leather_chestplate":1,"supplementaries:flax_seeds":2,"supplementaries:ash":2,"minecraft:gunpowder":5,"minecraft:charcoal":20,"born_in_chaos_v1:corpse_maggot":4,"minecraft:stone_brick_wall":3,"minecraft:chainmail_boots":2,"minecraft:leather_leggings":1,"immersive_weathering:tallow":2,"minecraft:stone_hoe":2,"orcz:skullwandorc":2,"minecraft:bread":3,"minecraft:iron_ingot":2,"minecraft:water_bucket":1,"travelersbackpack:cow":1,"minecraft:wheat_seeds":34,"minecraft:lilac":1,"biomesoplenty:lavender":10,"minecraft:iron_helmet":1,"minecraft:cobblestone":87,"orcz:orcagaric":18,"immersive_weathering:silt":2,"minecraft:stick":184,"biomesoplenty:jacaranda_log":2,"minecraft:cobweb":4,"born_in_chaos_v1:river_mint":1,"minecraft:torch":1,"iceandfire:silver_sword":2,"luminousworld:savannah_ground":1,"minecraft:dead_bush":2,"tombstone:grave_dust":2,"minecraft:potion":1,"minecraft:iron_leggings":1,"minecraft:pumpkin":4,"minecraft:white_banner":4,"minecraft:string":2,"minecraft:bucket":1,"immersive_weathering:weeds":19,"minecraft:furnace":2,"minecraft:coarse_dirt":2,"minecraft:stone_sword":1,"farmersdelight:cabbage_seeds":3,"born_in_chaos_v1:rotten_fish":1,"minecraft:stone_shovel":2,"orcz:orcamanita":25,"minecraft:iron_boots":1,"minecraft:stone_slab":1,"minecraft:potato":14,"minecraft:stone":30,"minecraft:sea_pickle":1,"iceandfire:frozen_splinters":2,"mna:aum":2,"minecraft:bundle":1,"luminousworld:groundpebbles_1":5,"minecraft:andesite":3,"minecraft:oak_sapling":65,"minecraft:carved_pumpkin":2,"minecraft:stone_bricks":5,"minecraft:bamboo":10,"minecraft:diamond_boots":2,"minecraft:bow":2,"minecraft:wooden_pickaxe":1},"minecraft:crafted":{"minecraft:oak_planks":160,"minecraft:barrel":1,"minecraft:cooked_chicken":1,"cataclysm:chiseled_stone_brick_pillar":1,"minecraft:cooked_mutton":1,"minecraft:glass":35,"minecraft:hopper":2,"minecraft:iron_boots":2,"minecraft:dead_bush":1,"minecraft:chest":3,"corail_recycler:recycler":1,"minecraft:stone_hoe":5,"minecraft:glass_bottle":12,"minecraft:oak_slab":6,"toughasnails:rain_collector":1,"minecraft:cooked_porkchop":14,"minecraft:crafting_table":6,"minecraft:wooden_pickaxe":1,"minecraft:iron_helmet":2,"minecraft:baked_potato":205,"minecraft:copper_ingot":13,"minecraft:string":24,"minecraft:iron_chestplate":2,"toughasnails:water_purifier":2,"minecraft:charcoal":63,"minecraft:stick":52,"quark:oak_chest":14,"quark:bonded_rabbit_hide":1,"minecraft:iron_ingot":155,"minecraft:iron_pickaxe":7,"minecraft:stone_sword":2,"minecraft:gold_ingot":6,"iceandfire:silver_sword":1,"minecraft:shears":1,"minecraft:oak_door":2,"minecraft:stone_shovel":9,"orcz:orcteeth_tool_sword":1,"minecraft:iron_nugget":9,"minecraft:furnace":5,"corail_recycler:steel_disk":1,"minecraft:bone_meal":78,"minecraft:scaffolding":90,"quark:dark_oak_chest":1,"minecraft:diamond":3,"quark:acacia_chest":1,"minecraft:rabbit_hide":9,"minecraft:iron_axe":1,"minecraft:stone_pickaxe":6,"minecraft:dark_oak_planks":12,"minecraft:cooked_beef":17,"minecraft:coal_block":17,"iceandfire:silver_ingot":15,"minecraft:bucket":1,"minecraft:stone_axe":1,"minecraft:air":0,"minecraft:bread":5,"minecraft:wooden_axe":1,"minecraft:iron_shovel":1,"minecraft:iron_leggings":2,"minecraft:stonecutter":1,"minecraft:acacia_planks":16,"minecraft:torch":60},"minecraft:mined":{"orcz:orcamanita":33,"minecraft:oak_sapling":1,"iceandfire:graveyard_soil":3,"minecraft:farmland":1,"immersive_weathering:biomesoplenty/flowering_oak_leaf_pile":49,"immersive_weathering:earthen_clay":1,"immersive_weathering:acacia_leaf_pile":55,"minecraft:jungle_leaves":1,"minecraft:brewing_stand":1,"minecraft:carved_pumpkin":1,"minecraft:grass_block":737,"minecraft:acacia_log":24,"biomesoplenty:flowering_oak_leaves":4,"iceandfire:lectern":1,"farmersdelight:budding_tomatoes":3,"minecraft:frosted_ice":13,"luminousworld:savanna_grass_2":6,"minecraft:iron_ore":161,"minecraft:fire":9,"minecraft:cobbled_deepslate":2,"biomesoplenty:lavender":2,"minecraft:pumpkin":9,"minecraft:deepslate_lapis_ore":1,"placeablesmod:empty_bucket_block":1,"minecraft:water_cauldron":1,"minecraft:oak_stairs":1,"immersive_weathering:loam":31,"minecraft:iron_block":1,"immersive_weathering:oak_leaf_pile":630,"minecraft:torch":3,"iceandfire:dragon_ice_spikes":123,"immersive_weathering:grassy_silt":1,"mna:cerublossom":1,"farmersdelight:cabbages":6,"placeablesmod:egg_block_1":1,"minecraft:cobblestone":65,"minecraft:oak_planks":2,"minecraft:sugar_cane":1,"minecraft:wall_torch":5,"minecraft:cauldron":1,"minecraft:deepslate_copper_ore":2,"minecraft:skeleton_skull":1,"farmersdelight:sandy_shrub":4,"minecraft:acacia_sapling":1,"orcz:orcagaric":15,"minecraft:wheat":39,"minecraft:lilac":2,"minecraft:grass":317,"biomesoplenty:clover":58,"orcz:blue_orcshroom":13,"minecraft:oak_log":307,"minecraft:beetroots":1,"immersive_weathering:grassy_earthen_clay":4,"minecraft:sand":55,"minecraft:dirt":449,"immersive_weathering:weeds":12,"luminousworld:savannah_grass_4":1,"minecraft:oak_leaves":163,"immersive_weathering:dark_oak_leaf_pile":13,"minecraft:deepslate":64,"luminousworld:savannah_ground":2,"placeablesmod:iron_boots_block":1,"luminousworld:groundpebbles_1":1,"iceandfire:silver_ore":33,"minecraft:mossy_cobblestone":21,"minecraft:dark_oak_leaves":1,"minecraft:oak_door":1,"minecraft:dark_oak_log":22,"born_in_chaos_v1:infected_diamond_ore":1,"minecraft:glow_lichen":2,"biomesoplenty:bush":140,"minecraft:stone_button":1,"minecraft:spruce_fence":1,"cataclysm:chiseled_stone_brick_pillar":1,"born_in_chaos_v1:black_argillite":4,"iceandfire:frozen_splinters":7,"farmersdelight:wild_cabbages":11,"mna:vinteum_ore":61,"luminousworld:groundpebbles_3":2,"minecraft:large_fern":2,"minecraft:furnace":2,"minecraft:carrots":1,"supplementaries:flax":2,"mna:aum":6,"minecraft:andesite":123,"minecraft:stripped_spruce_log":1,"orcz:orcshroom":11,"minecraft:potatoes":66,"minecraft:vine":11,"minecraft:lantern":1,"immersive_weathering:grassy_sandy_dirt":1,"immersive_weathering:silt":8,"luminousworld:groundpebbles_2":1,"minecraft:bamboo":12,"minecraft:stone":889,"biomesoplenty:spider_egg":1,"iceandfire:podium_spruce":2,"minecraft:scaffolding":9,"jeg:scrap_ore":47,"toughasnails:water_purifier":3,"placeablesmod:empty_bottle_block":1,"travelersbackpack:standard":8,"minecraft:crafting_table":4,"placeablesmod:apple_block":4,"luminousworld:savannah_grass_1":7,"placeablesmod:diamond_boots_block":1,"minecraft:emerald_ore":3,"immersive_weathering:soot":3,"minecraft:rose_bush":4,"minecraft:stone_slab":3,"minecraft:copper_ore":16,"minecraft:tall_grass":25,"biomesoplenty:sprout":61,"jeg:deepslate_scrap_ore":3,"immersive_weathering:permafrost":1,"minecraft:coarse_dirt":9,"minecraft:sweet_berry_bush":6,"minecraft:coal_ore":381,"luminousworld:ishstone":13,"minecraft:gravel":101,"minecraft:cobweb":7,"luminousworld:elephant_grass":4,"minecraft:gold_ore":6,"minecraft:fern":9},"minecraft:used":{"iceandfire:lectern":1,"minecraft:beetroot":1,"orcz:blue_orcshroom":1,"minecraft:purple_candle":2,"farmersdelight:cabbage_seeds":13,"farmersdelight:cabbage":1,"minecraft:iron_sword":33,"minecraft:stone":24,"luminousworld:savannah_ground":1,"minecraft:rotten_flesh":14,"minecraft:iron_chestplate":1,"minecraft:carrot":70,"minecraft:allium":1,"cataclysm:stone_tiles":5,"minecraft:acacia_sapling":8,"minecraft:milk_bucket":1,"immersive_weathering:earthen_clay":2,"born_in_chaos_v1:corpse_maggot":26,"minecraft:lava_bucket":25,"friendsandfoes:totem_of_illusion":1,"minecraft:lantern":4,"minecraft:iron_helmet":2,"luminousworld:elephant_grass":3,"orcz:orcagaric":1,"minecraft:item_frame":4,"biomesoplenty:jacaranda_sapling":3,"minecraft:bow":104,"minecraft:oak_sapling":69,"minecraft:furnace":7,"minecraft:egg":2,"minecraft:potato":272,"mowziesmobs:foliaath_seed":3,"minecraft:dark_oak_sapling":5,"minecraft:diamond_boots":1,"minecraft:leather_leggings":1,"minecraft:oak_planks":4,"minecraft:stone_pickaxe":814,"minecraft:leather_chestplate":1,"minecraft:wooden_pickaxe":18,"luminousworld:groundpebbles_1":1,"biomesoplenty:lavender":8,"biomesoplenty:flowering_oak_sapling":6,"cataclysm:chiseled_stone_brick_pillar":1,"minecraft:golden_apple":2,"iceandfire:podium_spruce":2,"minecraft:sand":4,"minecraft:shears":20,"waystones:waystone":3,"orcz:orcteeth_tool_sword":133,"minecraft:stone_button":1,"minecraft:acacia_door":1,"minecraft:bread":12,"minecraft:gravel":4,"minecraft:lilac":5,"ecologics:coconut_slice":4,"born_in_chaos_v1:rotten_fish":1,"minecraft:chainmail_boots":1,"born_in_chaos_v1:river_mint":1,"minecraft:andesite":27,"minecraft:armor_stand":1,"minecraft:air":1,"minecraft:coarse_dirt":2,"minecraft:bone_meal":78,"minecraft:rose_bush":3,"minecraft:stone_sword":121,"toughasnails:water_purifier":6,"iceandfire:silver_sword":652,"minecraft:stone_shovel":1307,"minecraft:dirt":533,"minecraft:oak_door":2,"orcz:skullwandorc":22,"minecraft:torch":90,"minecraft:stone_hoe":387,"minecraft:cooked_chicken":2,"minecraft:brewing_stand":1,"minecraft:hopper":2,"minecraft:spruce_fence":2,"minecraft:dark_oak_planks":2,"minecraft:wooden_axe":20,"minecraft:iron_axe":677,"minecraft:oak_stairs":1,"minecraft:iron_boots":2,"minecraft:melon_seeds":4,"minecraft:bamboo":27,"tombstone:gift":11,"minecraft:cooked_beef":5,"minecraft:cobbled_deepslate":1,"minecraft:iron_leggings":2,"minecraft:wheat_seeds":103,"minecraft:cooked_mutton":1,"minecraft:water_bucket":67,"minecraft:glass_bottle":95,"minecraft:baked_potato":70,"immersive_weathering:sandy_dirt":1,"minecraft:cauldron":2,"luminousworld:ishstone":12,"minecraft:stonecutter":1,"minecraft:vine":1,"quark:acacia_chest":1,"minecraft:oak_slab":4,"minecraft:crafting_table":9,"corail_recycler:recycler":1,"toughasnails:rain_collector":1,"mna:aum":1,"immersive_weathering:silt":8,"minecraft:painting":1,"orcz:orcamanita":1,"tombstone:bag_of_seeds":2,"minecraft:oak_log":15,"minecraft:apple":14,"minecraft:iron_pickaxe":1255,"minecraft:stone_axe":61,"minecraft:purple_bed":1,"minecraft:cobblestone":146,"minecraft:potion":5,"toughasnails:purified_water_bottle":98,"travelersbackpack:standard":9,"minecraft:white_banner":1,"minecraft:cooked_porkchop":3,"minecraft:bucket":93,"quark:oak_chest":11,"minecraft:chainmail_leggings":1},"minecraft:killed":{"illagerinvasion:archivist":1,"minecraft:cave_spider":1,"born_in_chaos_v1:zombie_lumberjack":1,"minecraft:spider":4,"born_in_chaos_v1:siamese_skeletonsright":1,"illagerinvasion:basher":1,"born_in_chaos_v1:baby_skeleton_minion":3,"minecraft:skeleton":2,"undead_revamp2:therod":5,"orcz:squig":9,"undead_revamp2:crackleball":1,"born_in_chaos_v1:bonescaller":2,"orcz:weirdboinecro":4,"earthmobsmod:viler_witch":1,"born_in_chaos_v1:diamond_termite":2,"minecraft:zombie_villager":2,"orcz:goblinsavagemace":31,"orcz:goblinwerid":2,"minecraft:creeper":1,"minecraft:pillager":5,"minecraft:zombie":8,"born_in_chaos_v1:dread_hound":1,"born_in_chaos_v1:corpse_fly":24,"enemyexpansion:botfly":5,"born_in_chaos_v1:door_knight":2,"orcz:orcsavage_2sword":4,"orcz:snot":33,"takesapillage:archer":2,"orcz:orcshield":9,"enemyexpansion:wasp":1,"born_in_chaos_v1:siamese_skeletonsleft":1,"mna:skeleton_assassin":1,"minecraft:vindicator":1,"illagerinvasion:marauder":2,"luminousworld:sunken_skeleton":2,"undead_revamp2:bomber":2,"enemyexpansion:direwolf":3,"born_in_chaos_v1:zombie_bruiser":1,"mna:pixie":1,"born_in_chaos_v1:maggot":12,"undead_revamp2:thebidy":1,"born_in_chaos_v1:corpse_fish":1,"orcz:orcsavagemace":6,"undead_revamp2:thehorrors":1,"orcz:orcsavageweird":3,"mna:barkling":1,"luminousworld:savannah_zombie":1,"mowziesmobs:baby_foliaath":3,"minecraft:husk":1,"mna:witch_hunter":2,"born_in_chaos_v1:baby_skeleton":3,"born_in_chaos_v1:swarmer":1,"earthmobsmod:skeleton_wolf":1,"undead_revamp2:the_moonflower":2,"enemyexpansion:sprinter":1,"earthmobsmod:cream_cow":1,"born_in_chaos_v1:decrepit_skeleton":2,"born_in_chaos_v1:bloody_gadfly":1,"iceandfire:ghost":4,"orcz:goblin_2sword":4,"enemyexpansion:slugger":8},"minecraft:killed_by":{"undead_revamp2:sucker":2,"orcz:orcsavagemace":2,"minecraft:pillager":1,"enemyexpansion:slugger":2,"born_in_chaos_v1:corpse_fly":1,"orcz:goblinsavagemace":4,"minecraft:vindicator":1,"iceandfire:ice_dragon":1,"undead_revamp2:theheavy":1,"orcz:orcsavageweird":4,"orcz:weirdboinecro":1,"minecraft:spider":2,"enemyexpansion:equestrian":1,"undead_revamp2:thehorrors":1,"undead_revamp2:therod":1,"minecraft:skeleton":1,"enemyexpansion:direwolf":2,"illagerinvasion:marauder":1,"orcz:orcshield":2,"cave_dweller:cave_dweller":2,"born_in_chaos_v1:maggot":1},"minecraft:custom":{"minecraft:animals_bred":7,"minecraft:interact_with_crafting_table":129,"minecraft:open_barrel":42,"minecraft:bell_ring":7,"minecraft:leave_game":22,"minecraft:time_since_death":11943,"minecraft:sprint_one_cm":3023285,"minecraft:drop":334,"minecraft:talked_to_villager":17,"minecraft:play_time":1222283,"minecraft:deaths":49,"tombstone:tomb_raiding":1,"minecraft:jump":12451,"minecraft:walk_on_water_one_cm":136547,"minecraft:interact_with_furnace":132,"minecraft:sleep_in_bed":30,"minecraft:waystone_activated":3,"tombstone:sneak_grave":1,"minecraft:damage_dealt":47812,"minecraft:player_kills":1,"minecraft:crouch_one_cm":38023,"tombstone:undead_killed":57,"minecraft:interact_with_smithing_table":11,"minecraft:use_cauldron":48,"minecraft:mob_kills":250,"minecraft:inspect_hopper":10,"minecraft:fill_cauldron":15,"minecraft:damage_dealt_resisted":8952,"minecraft:climb_one_cm":12896,"minecraft:walk_one_cm":2728065,"minecraft:sneak_time":23552,"minecraft:walk_under_water_one_cm":73459,"minecraft:total_world_time":1222283,"tombstone:raider_killed":14,"minecraft:raid_trigger":1,"minecraft:interact_with_stonecutter":3,"minecraft:time_since_rest":11702,"minecraft:damage_absorbed":80,"minecraft:damage_taken":14740,"minecraft:trigger_trapped_chest":1,"tombstone:cast_on_ally":1,"minecraft:swim_one_cm":126628,"minecraft:fly_one_cm":1624552,"minecraft:open_chest":491,"minecraft:fall_one_cm":221005},"minecraft:picked_up":{"minecraft:iron_chestplate":1,"minecraft:wheat":58,"minecraft:chainmail_boots":3,"illagerinvasion:platinum_chunk":3,"minecraft:stone_slab":1,"minecraft:oak_stairs":2,"minecraft:enchanted_book":1,"minecraft:potion":10,"tombstone:grave_key":1,"minecraft:brewing_stand":1,"born_in_chaos_v1:black_argillite":4,"minecraft:string":22,"minecraft:raw_copper":49,"minecraft:iron_leggings":5,"minecraft:armor_stand":3,"minecraft:experience_bottle":8,"mna:mark_of_the_fey":1,"minecraft:sea_pickle":1,"farmersdelight:cabbage":1,"minecraft:cobbled_deepslate":63,"minecraft:bucket":3,"biomesoplenty:fir_planks":63,"minecraft:white_tulip":2,"minecraft:rose_bush":6,"minecraft:iron_pickaxe":2,"farmersdelight:cabbage_seeds":17,"minecraft:iron_boots":1,"minecraft:furnace":4,"minecraft:stick":310,"cataclysm:chiseled_stone_brick_pillar":2,"born_in_chaos_v1:phantom_powder":4,"minecraft:torch":33,"minecraft:acacia_log":25,"travelersbackpack:iron_tier_upgrade":1,"minecraft:porkchop":3,"orcz:squigs_claws":7,"tombstone:grave_dust":5,"minecraft:vine":10,"supplementaries:flax":2,"mna:sachet_ender":3,"minecraft:cauldron":2,"minecraft:rotten_flesh":50,"orcz:orcshroom":17,"minecraft:iron_block":1,"minecraft:carved_pumpkin":2,"supplementaries:ash":3,"alexsmobs:flying_fish":5,"minecraft:cobblestone":1017,"biomesoplenty:lavender":18,"luminousworld:savannah_ground":2,"born_in_chaos_v1:staffof_magic_arrows":1,"minecraft:leather_chestplate":2,"minecraft:feather":2,"minecraft:lilac":6,"minecraft:cooked_beef":1,"orcz:orcteeth":88,"minecraft:andesite":122,"minecraft:water_bucket":2,"mna:sachet_water":2,"immersive_weathering:sandy_dirt":1,"minecraft:potato":693,"immersive_weathering:silt":10,"minecraft:flint":7,"supplementaries:flax_seeds":6,"jeg:scrap":100,"minecraft:lapis_lazuli":7,"minecraft:map":1,"minecraft:dirt":1274,"minecraft:lantern":4,"minecraft:bone":19,"minecraft:acacia_planks":13,"immersive_weathering:weeds":19,"minecraft:bow":3,"minecraft:wheat_seeds":189,"minecraft:raw_gold":6,"luminousworld:elephant_grass":3,"minecraft:bamboo":153,"mna:cerublossom":5,"minecraft:stone_hoe":1,"minecraft:oak_planks":19,"immersive_weathering:tallow":2,"minecraft:cooked_porkchop":1,"iceandfire:podium_spruce":2,"orcz:skullwandorc":3,"orcz:orcagaric":19,"minecraft:poisonous_potato":5,"orcz:skullwand":1,"orcz:blue_orcshroom":17,"minecraft:sand":49,"minecraft:stripped_spruce_log":1,"minecraft:fermented_spider_eye":2,"minecraft:dark_oak_log":21,"minecraft:mossy_cobblestone":21,"minecraft:bundle":3,"toughasnails:water_purifier":3,"minecraft:diamond":8,"iceandfire:lectern":1,"waystones:waystone":3,"minecraft:bread":3,"minecraft:chainmail_helmet":3,"minecraft:emerald":10,"orcz:ironscrap":6,"born_in_chaos_v1:rotten_fish":2,"minecraft:oak_sapling":184,"iceandfire:silver_nugget":4,"minecraft:oak_leaves":10,"iceandfire:raw_silver":32,"minecraft:charcoal":30,"minecraft:crafting_table":5,"luminousworld:groundpebbles_1":5,"born_in_chaos_v1:diamond_termite_shard":2,"minecraft:coarse_dirt":4,"minecraft:allium":1,"minecraft:azure_bluet":2,"minecraft:chicken":1,"born_in_chaos_v1:river_mint":2,"minecraft:leather_leggings":2,"friendsandfoes:totem_of_illusion":1,"minecraft:wooden_pickaxe":1,"minecraft:stone_brick_wall":5,"minecraft:gold_block":1,"biomesoplenty:jacaranda_sapling":3,"minecraft:acacia_door":1,"minecraft:iron_axe":3,"minecraft:item_frame":8,"minecraft:white_carpet":7,"minecraft:iron_shovel":1,"mna:vinteum_ore":61,"iceandfire:bestiary":3,"iceandfire:graveyard_soil":3,"minecraft:beef":1,"minecraft:iron_nugget":5,"minecraft:egg":2,"minecraft:dark_oak_sapling":5,"minecraft:raw_iron":160,"minecraft:oak_door":2,"ecologics:coconut_slice":12,"minecraft:copper_ingot":7,"minecraft:spruce_fence":2,"farmersdelight:tomato_seeds":3,"orcz:orchorn":1,"minecraft:stone_button":5,"born_in_chaos_v1:pieceofdarkmetal":2,"minecraft:carrot":68,"minecraft:arrow":21,"minecraft:stone_shovel":1,"biomesoplenty:jacaranda_log":2,"minecraft:beetroot_seeds":2,"quark:acacia_chest":1,"minecraft:shears":2,"minecraft:diamond_boots":5,"mna:vinteum_dust":3,"minecraft:white_wool":1,"born_in_chaos_v1:corpse_maggot":29,"born_in_chaos_v1:monster_flesh":1,"luminousworld:ishstone":13,"minecraft:leather":2,"alexsmobs:acacia_blossom":1,"minecraft:oak_log":297,"toughasnails:purified_water_bottle":7,"iceandfire:ectoplasm":1,"minecraft:gunpowder":7,"minecraft:white_banner":5,"tombstone:gift":2,"jeg:grenade":2,"minecraft:apple":20,"travelersbackpack:cow":1,"minecraft:stone_bricks":5,"minecraft:iron_ingot":8,"minecraft:stone_pickaxe":4,"minecraft:cobweb":1,"minecraft:cooked_chicken":1,"minecraft:glass_bottle":2,"jeg:tech_trash":8,"minecraft:acacia_sapling":13,"minecraft:iron_sword":3,"travelersbackpack:blank_upgrade":1,"minecraft:book":1,"minecraft:scaffolding":15,"minecraft:milk_bucket":1,"minecraft:pumpkin":9,"minecraft:sweet_berries":15,"mna:wand_cerublossom":1,"born_in_chaos_v1:orbofthe_summoner":1,"minecraft:gravel":142,"orcz:orcamanita":27,"minecraft:dark_oak_fence_gate":1,"mna:aum":5,"minecraft:leather_helmet":2,"biomesoplenty:flowering_oak_sapling":7,"travelersbackpack:standard":10,"minecraft:purple_bed":1,"minecraft:slime_ball":2,"immersive_weathering:earthen_clay":5,"iceandfire:silver_sword":1,"minecraft:chainmail_leggings":1,"minecraft:iron_helmet":2,"minecraft:painting":1,"minecraft:baked_potato":77,"tombstone:magic_scroll":2,"orcz:orceye":1,"minecraft:melon_seeds":4,"minecraft:coal":417}},"DataVersion":3465}