{"stats":{"minecraft:killed":{"born_in_chaos_v1:zombie_lumberjack":1,"minecraft:spider":2,"illagerinvasion:provoker":1,"born_in_chaos_v1:skeleton_thrasher":1,"minecraft:illusioner":1,"orcz:squig":4,"undead_revamp2:thespitter":1,"orcz:weirdboinecro":1,"minecraft:pig":5,"orcz:goblinsavagemace":13,"minecraft:sheep":3,"minecraft:pillager":3,"orcz:orcsavage_2sword":3,"orcz:snot":19,"orcz:orcshield":11,"minecraft:cow":3,"enemyexpansion:direwolf":1,"born_in_chaos_v1:zombie_bruiser":1,"born_in_chaos_v1:maggot":2,"orcz:orcsavageweird":1,"earthmobsmod:cream_cow":1,"earthmobsmod:wooly_cow":3,"born_in_chaos_v1:decrepit_skeleton":1,"iceandfire:ghost":1,"iceandfire:ice_dragon":1,"orcz:goblin_2sword":2},"minecraft:custom":{"minecraft:animals_bred":20,"minecraft:interact_with_crafting_table":116,"minecraft:open_barrel":31,"minecraft:leave_game":13,"minecraft:time_since_death":228,"minecraft:sprint_one_cm":1534767,"minecraft:drop":190,"minecraft:play_time":1056557,"minecraft:deaths":28,"minecraft:jump":6267,"minecraft:walk_on_water_one_cm":91144,"minecraft:interact_with_furnace":58,"minecraft:sleep_in_bed":21,"minecraft:waystone_activated":2,"minecraft:damage_dealt":14272,"minecraft:crouch_one_cm":12061,"tombstone:undead_killed":6,"minecraft:use_cauldron":13,"minecraft:interact_with_smithing_table":5,"minecraft:mob_kills":92,"minecraft:inspect_hopper":2,"minecraft:fill_cauldron":5,"minecraft:damage_dealt_resisted":1725,"minecraft:climb_one_cm":9216,"minecraft:walk_one_cm":3466201,"minecraft:sneak_time":11925,"minecraft:walk_under_water_one_cm":72543,"minecraft:total_world_time":1056557,"tombstone:raider_killed":5,"minecraft:pot_flower":2,"minecraft:time_since_rest":1,"minecraft:damage_taken":8309,"minecraft:trigger_trapped_chest":1,"minecraft:swim_one_cm":118506,"minecraft:fly_one_cm":446833,"minecraft:open_chest":654,"minecraft:fall_one_cm":69048},"minecraft:broken":{"minecraft:iron_boots":1,"minecraft:iron_chestplate":1,"minecraft:iron_leggings":1,"iceandfire:silver_pickaxe":1,"minecraft:chainmail_boots":1,"minecraft:stone_pickaxe":2,"minecraft:stone_shovel":4,"minecraft:iron_pickaxe":4,"minecraft:iron_helmet":1},"minecraft:killed_by":{"orcz:snot":3,"undead_revamp2:sucker":1,"orcz:orcsavage_2sword":2,"orcz:orcsavagemace":1,"minecraft:pillager":1,"minecraft:drowned":1,"minecraft:vindicator":1,"iceandfire:ice_dragon":3,"orcz:orcsavageweird":1,"orcz:weirdboinecro":1,"minecraft:skeleton":1,"born_in_chaos_v1:corpse_fish":1,"enemyexpansion:direwolf":2,"illagerinvasion:marauder":1,"orcz:orcshield":1,"iceandfire:ghost":1},"minecraft:dropped":{"iceandfire:raw_silver":3,"minecraft:baked_potato":3,"orcz:blue_orcshroom":33,"travelersbackpack:iron_tier_upgrade":1,"born_in_chaos_v1:pieceofdarkmetal":3,"travelersbackpack:standard":2,"minecraft:dirt":99,"alexsmobs:flying_fish":10,"minecraft:bone":4,"minecraft:oak_planks":4,"orcz:orcshroom":9,"minecraft:leather_chestplate":1,"supplementaries:ash":1,"minecraft:acacia_sapling":1,"minecraft:leather_leggings":1,"iceandfire:silver_pickaxe":1,"alexsmobs:lava_bottle":1,"minecraft:iron_ingot":5,"minecraft:bread":3,"minecraft:wheat_seeds":34,"minecraft:cobblestone":166,"orcz:orcagaric":20,"minecraft:apple":1,"immersive_weathering:silt":1,"minecraft:stick":18,"tombstone:grave_key":4,"iceandfire:silver_sword":3,"minecraft:brown_wool":1,"travelersbackpack:blank_upgrade":1,"tombstone:grave_dust":1,"minecraft:string":1,"minecraft:bucket":2,"minecraft:spruce_sapling":2,"minecraft:experience_bottle":7,"orcz:orcamanita":18,"minecraft:iron_boots":1,"minecraft:shears":1,"orcz:orcteeth":60,"luminousworld:groundpebbles_1":2,"toughasnails:purified_water_bottle":4,"orcz:squigs_claws":6,"minecraft:diamond_boots":1,"minecraft:black_wool":3},"minecraft:used":{"farmersdelight:cabbage_seeds":5,"minecraft:chest":1,"orcz:orcshroom":2,"minecraft:carrot":5,"minecraft:allium":3,"minecraft:milk_bucket":2,"minecraft:stripped_spruce_log":1,"born_in_chaos_v1:corpse_maggot":4,"minecraft:lantern":19,"minecraft:mossy_cobblestone_slab":6,"orcz:orcagaric":1,"minecraft:stone_bricks":1,"minecraft:item_frame":1,"minecraft:bow":2,"minecraft:hay_block":18,"minecraft:sweet_berries":3,"minecraft:oak_sapling":1,"minecraft:furnace":1,"minecraft:beetroot_seeds":1,"minecraft:egg":2,"travelersbackpack:cow":10,"minecraft:stone_pickaxe":444,"minecraft:oak_planks":3,"biomesoplenty:flowering_oak_sapling":1,"luminousworld:groundpebbles_1":2,"minecraft:glow_berries":21,"minecraft:shears":9,"iceandfire:silver_pickaxe":467,"mna:cerublossom":1,"minecraft:acacia_door":2,"minecraft:bread":18,"minecraft:oak_pressure_plate":2,"supplementaries:flax_seeds":2,"ecologics:coconut_slice":8,"minecraft:smithing_table":1,"minecraft:bone_meal":3,"minecraft:oak_fence":67,"minecraft:stone_sword":4,"iceandfire:silver_sword":403,"toughasnails:water_purifier":1,"minecraft:stone_shovel":676,"minecraft:stone_hoe":33,"minecraft:oak_door":3,"minecraft:torch":28,"minecraft:dirt":505,"minecraft:spruce_fence":1,"minecraft:oak_fence_gate":4,"mna:brazier":1,"minecraft:oak_stairs":18,"tombstone:gift":4,"farmersdelight:tomato_seeds":4,"minecraft:pumpkin":5,"minecraft:brown_bed":1,"minecraft:wheat_seeds":61,"minecraft:cooked_mutton":2,"minecraft:water_bucket":5,"minecraft:glass_bottle":71,"minecraft:baked_potato":43,"minecraft:cauldron":1,"minecraft:mossy_cobblestone":17,"minecraft:oak_slab":364,"minecraft:crafting_table":1,"quark:acacia_chest":2,"mna:aum":1,"minecraft:white_bed":2,"minecraft:dark_oak_fence_gate":2,"minecraft:painting":4,"minecraft:cake":1,"minecraft:flower_pot":2,"minecraft:cornflower":2,"minecraft:iron_pickaxe":997,"minecraft:stone_axe":194,"minecraft:cobblestone":244,"minecraft:purple_bed":1,"toughasnails:purified_water_bottle":58,"minecraft:cooked_porkchop":1,"minecraft:bucket":5,"quark:oak_chest":9,"alexsmobs:animal_dictionary":3},"minecraft:mined":{"minecraft:stone_pressure_plate":1,"orcz:orcamanita":13,"minecraft:white_bed":1,"iceandfire:graveyard_soil":2,"mna:brazier":3,"quark:cut_vine":1,"minecraft:potted_dead_bush":1,"minecraft:grass_block":315,"biomesoplenty:flowering_oak_leaves":1,"farmersdelight:budding_tomatoes":1,"minecraft:frosted_ice":4,"minecraft:iron_ore":2,"minecraft:fire":6,"minecraft:pumpkin":4,"minecraft:oak_stairs":1,"immersive_weathering:loam":5,"travelersbackpack:black_sleeping_bag":2,"immersive_weathering:oak_leaf_pile":18,"iceandfire:dragon_ice_spikes":58,"minecraft:torch":1,"farmersdelight:cabbages":1,"minecraft:cobblestone":40,"minecraft:sugar_cane":2,"minecraft:oak_planks":3,"minecraft:wall_torch":2,"minecraft:cauldron":1,"minecraft:seagrass":3,"orcz:orcagaric":13,"minecraft:wheat":47,"minecraft:black_bed":1,"minecraft:grass":92,"orcz:blue_orcshroom":19,"biomesoplenty:clover":33,"minecraft:oak_log":51,"minecraft:oak_fence_gate":2,"minecraft:dark_oak_sapling":1,"minecraft:sand":58,"minecraft:dirt":409,"minecraft:oak_leaves":13,"iceandfire:silver_ore":6,"minecraft:mossy_cobblestone":7,"minecraft:dark_oak_leaves":1,"minecraft:purple_candle":1,"biomesoplenty:bush":1,"minecraft:spruce_fence":1,"iceandfire:frozen_splinters":3,"quark:acacia_chest":1,"luminousworld:groundpebbles_3":1,"minecraft:hay_block":24,"minecraft:oak_trapdoor":2,"minecraft:furnace":3,"minecraft:carrots":9,"minecraft:dark_oak_fence_gate":1,"minecraft:andesite":2,"orcz:orcshroom":7,"minecraft:bookshelf":1,"minecraft:potatoes":2,"minecraft:lantern":16,"minecraft:potted_spruce_sapling":3,"minecraft:stone":1634,"minecraft:cake":1,"minecraft:oak_slab":87,"jeg:scrap_ore":5,"quark:oak_chest":3,"toughasnails:water_purifier":2,"minecraft:oak_fence":20,"minecraft:crafting_table":2,"minecraft:rose_bush":1,"minecraft:campfire":1,"minecraft:stone_slab":1,"minecraft:tall_grass":1,"minecraft:copper_ore":17,"biomesoplenty:sprout":5,"biomesoplenty:huge_clover_petal":1,"minecraft:purple_bed":1,"minecraft:cobblestone_wall":1,"minecraft:sea_pickle":1,"minecraft:coal_ore":24,"luminousworld:ishstone":3,"travelersbackpack:cow":6,"minecraft:gravel":65,"minecraft:cobweb":9,"minecraft:stone_bricks":1,"minecraft:fern":3},"minecraft:picked_up":{"minecraft:wheat":39,"minecraft:chainmail_boots":2,"minecraft:flower_pot":4,"minecraft:oak_stairs":2,"minecraft:potion":3,"tombstone:grave_key":3,"iceandfire:manuscript":3,"minecraft:string":1,"minecraft:raw_copper":68,"minecraft:beetroot":1,"minecraft:bucket":2,"minecraft:rose_bush":1,"minecraft:iron_pickaxe":2,"farmersdelight:cabbage_seeds":2,"minecraft:iron_boots":1,"minecraft:furnace":3,"minecraft:stick":87,"born_in_chaos_v1:shattered_skull":2,"mna:brazier":3,"minecraft:oak_fence":20,"minecraft:torch":9,"minecraft:porkchop":11,"orcz:squigs_claws":6,"tombstone:grave_dust":2,"minecraft:cauldron":1,"minecraft:rotten_flesh":4,"orcz:orcshroom":16,"minecraft:carved_pumpkin":1,"supplementaries:ash":2,"alexsmobs:flying_fish":10,"minecraft:cobblestone":1617,"born_in_chaos_v1:staffof_magic_arrows":1,"minecraft:leather_chestplate":1,"orcz:orcteeth":63,"minecraft:andesite":2,"minecraft:black_bed":1,"minecraft:brown_wool":7,"minecraft:potato":4,"immersive_weathering:silt":1,"minecraft:flint":11,"jeg:scrap":9,"minecraft:lantern":22,"minecraft:dirt":755,"minecraft:bone":3,"minecraft:bow":1,"minecraft:wheat_seeds":143,"minecraft:bamboo":10,"mna:cerublossom":1,"minecraft:oak_planks":4,"immersive_weathering:tallow":8,"orcz:skullwandorc":1,"orcz:orcagaric":23,"minecraft:sand":58,"orcz:blue_orcshroom":34,"minecraft:stripped_spruce_log":1,"minecraft:dead_bush":1,"minecraft:mossy_cobblestone":7,"minecraft:iron_hoe":1,"toughasnails:water_purifier":2,"iceandfire:dragon_ice":1,"minecraft:grass":1,"minecraft:emerald":3,"minecraft:bread":5,"orcz:ironscrap":3,"minecraft:oak_sapling":39,"iceandfire:raw_silver":6,"luminousworld:groundpebbles_1":8,"minecraft:charcoal":27,"minecraft:crafting_table":2,"minecraft:allium":2,"minecraft:leather_leggings":1,"minecraft:cornflower":2,"minecraft:oak_trapdoor":2,"iceandfire:frozen_splinters":3,"minecraft:item_frame":2,"minecraft:blue_orchid":1,"minecraft:beef":26,"minecraft:iron_nugget":7,"minecraft:sugar_cane":6,"minecraft:egg":24,"minecraft:dark_oak_sapling":1,"minecraft:raw_iron":2,"ecologics:coconut_slice":8,"minecraft:spruce_fence":1,"farmersdelight:tomato_seeds":1,"minecraft:cake":1,"minecraft:stone_button":12,"born_in_chaos_v1:pieceofdarkmetal":4,"minecraft:carrot":34,"minecraft:stone_pressure_plate":1,"minecraft:purple_candle":2,"minecraft:arrow":2,"minecraft:stone_shovel":1,"minecraft:pumpkin_pie":2,"minecraft:beetroot_seeds":3,"quark:acacia_chest":1,"minecraft:diamond_boots":1,"minecraft:hay_block":38,"minecraft:gold_ingot":6,"minecraft:mutton":4,"minecraft:white_wool":5,"born_in_chaos_v1:corpse_maggot":4,"luminousworld:ishstone":3,"minecraft:leather":8,"minecraft:oak_log":53,"iceandfire:ectoplasm":1,"minecraft:white_banner":2,"tombstone:gift":1,"minecraft:apple":2,"travelersbackpack:cow":6,"minecraft:stone_bricks":3,"minecraft:oak_fence_gate":2,"minecraft:iron_ingot":2,"minecraft:stone_pickaxe":1,"minecraft:cobweb":6,"minecraft:glass_bottle":12,"minecraft:acacia_sapling":5,"jeg:tech_trash":2,"minecraft:oak_slab":92,"minecraft:pumpkin":8,"minecraft:gravel":56,"orcz:orcamanita":19,"minecraft:spruce_sapling":3,"minecraft:white_bed":2,"quark:oak_chest":3,"minecraft:dark_oak_fence_gate":4,"mna:aum":4,"minecraft:leather_helmet":1,"biomesoplenty:flowering_oak_sapling":1,"iceandfire:silver_pickaxe":1,"minecraft:purple_bed":1,"iceandfire:silver_sword":4,"minecraft:painting":5,"minecraft:black_wool":10,"minecraft:coal":116},"minecraft:crafted":{"minecraft:oak_planks":707,"minecraft:cobblestone_slab":6,"minecraft:oak_pressure_plate":2,"minecraft:stone":64,"minecraft:cooked_mutton":4,"minecraft:glass":66,"minecraft:iron_boots":1,"minecraft:mossy_cobblestone_slab":6,"minecraft:stone_hoe":1,"minecraft:oak_fence":66,"minecraft:oak_slab":420,"travelersbackpack:iron_tier_upgrade":2,"minecraft:cooked_porkchop":1,"travelersbackpack:standard":4,"minecraft:baked_potato":201,"minecraft:iron_helmet":1,"minecraft:smithing_table":1,"minecraft:brown_bed":1,"minecraft:iron_chestplate":1,"minecraft:charcoal":23,"minecraft:stick":52,"quark:oak_chest":14,"minecraft:iron_ingot":19,"minecraft:iron_pickaxe":2,"minecraft:acacia_door":3,"minecraft:stone_sword":3,"travelersbackpack:cow":1,"minecraft:shears":1,"minecraft:oak_door":3,"minecraft:stone_shovel":6,"minecraft:bone_meal":3,"travelersbackpack:blank_upgrade":4,"quark:acacia_chest":2,"travelersbackpack:white_sleeping_bag":1,"minecraft:stone_pickaxe":5,"iceandfire:silver_ingot":13,"travelersbackpack:backpack_tank":13,"travelersbackpack:black_sleeping_bag":2,"minecraft:bucket":1,"minecraft:stone_axe":3,"minecraft:air":0,"minecraft:oak_fence_gate":4,"minecraft:cobblestone":1,"minecraft:oak_stairs":24,"minecraft:iron_leggings":1,"minecraft:acacia_planks":44,"iceandfire:silver_pickaxe":2,"minecraft:torch":12}},"DataVersion":3465}