{"stats":{"minecraft:killed":{"mna:skeleton_assassin":1,"luminousworld:sunken_skeleton":2,"naturalist:bass":5,"luminousworld:bass_fish":1,"orcz:goblinsavagemace":1,"minecraft:salmon":5,"earthmobsmod:cream_cow":3,"luminousworld:trout_fish":3,"minecraft:creeper":1,"alexsmobs:terrapin":1,"minecraft:cow":3},"minecraft:custom":{"minecraft:mob_kills":26,"minecraft:inspect_hopper":9,"minecraft:interact_with_crafting_table":81,"minecraft:open_barrel":4,"minecraft:damage_dealt_resisted":360,"minecraft:leave_game":4,"minecraft:time_since_death":0,"minecraft:climb_one_cm":2348,"minecraft:sprint_one_cm":561596,"minecraft:walk_one_cm":671143,"minecraft:drop":17,"minecraft:talked_to_villager":1,"minecraft:play_time":268257,"minecraft:deaths":3,"minecraft:sneak_time":4633,"minecraft:walk_under_water_one_cm":24165,"minecraft:jump":4039,"minecraft:walk_on_water_one_cm":23579,"minecraft:total_world_time":268257,"minecraft:interact_with_furnace":108,"minecraft:sleep_in_bed":9,"minecraft:time_since_rest":1774,"minecraft:waystone_activated":1,"minecraft:damage_taken":1683,"minecraft:damage_dealt":2527,"minecraft:swim_one_cm":67372,"minecraft:fly_one_cm":577843,"minecraft:open_chest":88,"minecraft:crouch_one_cm":8016,"tombstone:undead_killed":1,"minecraft:fall_one_cm":86798},"minecraft:broken":{"stalwart_dungeons:stone_hammer":1,"minecraft:wooden_pickaxe":1,"minecraft:stone_pickaxe":6,"minecraft:stone_axe":1,"minecraft:wooden_axe":1},"minecraft:killed_by":{"minecraft:player":1,"iceandfire:ghost":1,"cave_dweller:cave_dweller":1},"minecraft:dropped":{"mna:wand_cerublossom":1,"luminousworld:ishstone":4,"minecraft:cooked_porkchop":1,"minecraft:orange_tulip":1,"minecraft:cobblestone":136,"minecraft:granite":2,"jeg:scrap":10,"minecraft:cyan_terracotta":10,"minecraft:gravel":1,"mna:wand_wakebloom":2,"mna:staff_wakebloom":1},"minecraft:used":{"minecraft:stone_sword":11,"minecraft:purple_candle":1,"minecraft:iron_shovel":40,"toughasnails:water_purifier":3,"minecraft:iron_sword":53,"minecraft:cooked_salmon":5,"minecraft:oak_door":2,"minecraft:torch":116,"minecraft:dirt":20,"minecraft:hopper":2,"naturalist:cooked_bass":4,"minecraft:milk_bucket":1,"minecraft:purple_banner":2,"minecraft:glass":1,"minecraft:wooden_axe":61,"minecraft:oak_stairs":5,"iceandfire:copper_pickaxe":12,"biomesoplenty:jacaranda_sapling":3,"minecraft:sweet_berries":9,"minecraft:furnace":6,"tombstone:gift":2,"minecraft:potato":41,"minecraft:cooked_beef":11,"minecraft:acacia_planks":4,"minecraft:water_bucket":1,"supplementaries:lapis_bricks":1,"minecraft:baked_potato":6,"minecraft:glass_bottle":45,"minecraft:stone_pickaxe":802,"minecraft:oak_planks":5,"minecraft:wooden_pickaxe":51,"biomesoplenty:fir_planks":1,"minecraft:crafting_table":8,"minecraft:black_bed":1,"luminousworld:cooked_bass":1,"minecraft:iron_pickaxe":171,"minecraft:stone_axe":136,"stalwart_dungeons:stone_hammer":131,"minecraft:cobblestone":134,"travelersbackpack:standard":1,"toughasnails:purified_water_bottle":40,"luminousworld:cooked_trout":3,"minecraft:bucket":2,"minecraft:andesite":118,"quark:oak_chest":5,"alexsmobs:animal_dictionary":1,"minecraft:cobweb":3},"minecraft:mined":{"minecraft:tuff":17,"iceandfire:silver_ore":8,"minecraft:deepslate_diamond_ore":25,"minecraft:dark_oak_log":16,"minecraft:purple_candle":1,"minecraft:granite":3,"minecraft:acacia_log":4,"minecraft:grass_block":23,"born_in_chaos_v1:black_argillite":1,"mna:vinteum_ore":11,"mna:wakebloom":1,"minecraft:hopper":1,"minecraft:large_fern":3,"biomesoplenty:jacaranda_log":60,"minecraft:redstone_ore":5,"minecraft:furnace":4,"minecraft:iron_ore":54,"immersive_weathering:mossy_stone":1,"minecraft:fire":2,"minecraft:andesite":197,"minecraft:pumpkin":1,"minecraft:potatoes":17,"minecraft:oak_stairs":1,"minecraft:stone":360,"biomesoplenty:jacaranda_leaves":7,"minecraft:acacia_leaves":1,"jeg:scrap_ore":5,"minecraft:cyan_terracotta":10,"toughasnails:water_purifier":2,"minecraft:crafting_table":3,"minecraft:torch":8,"minecraft:purple_wall_banner":2,"minecraft:copper_ore":17,"minecraft:tall_grass":19,"minecraft:cobblestone":12,"biomesoplenty:sprout":1,"minecraft:lapis_ore":8,"minecraft:deepslate_gold_ore":13,"minecraft:sculk":4,"minecraft:wall_torch":21,"supplementaries:urn":2,"jeg:deepslate_scrap_ore":2,"minecraft:purple_bed":1,"biomesoplenty:fir_log":66,"minecraft:grass":106,"mna:filler_block":1,"minecraft:oak_log":57,"minecraft:coal_ore":121,"luminousworld:ishstone":9,"mna:decoration/chimerite_arcane_stone_quad":1,"minecraft:gravel":1,"minecraft:sand":52,"minecraft:dirt":23,"minecraft:cobweb":3,"minecraft:acacia_planks":4,"born_in_chaos_v1:infernal_evil_pumpkin_s":1,"minecraft:oak_leaves":5,"minecraft:deepslate":257,"minecraft:fern":1},"minecraft:picked_up":{"minecraft:crafting_table":3,"minecraft:oak_stairs":1,"biomesoplenty:jacaranda_sapling":3,"luminousworld:trout":3,"minecraft:potion":2,"born_in_chaos_v1:black_argillite":1,"minecraft:string":3,"minecraft:raw_copper":61,"minecraft:purple_banner":2,"mna:vinteum_ore":11,"minecraft:cobbled_deepslate":256,"minecraft:beef":11,"mna:bone_ash":1,"minecraft:furnace":4,"minecraft:stick":23,"minecraft:raw_iron":54,"minecraft:torch":29,"minecraft:acacia_log":4,"minecraft:carrot":1,"minecraft:redstone":24,"minecraft:purple_candle":1,"minecraft:rotten_flesh":3,"biomesoplenty:jacaranda_log":23,"minecraft:cyan_terracotta":10,"minecraft:cobblestone":368,"minecraft:glow_ink_sac":2,"minecraft:andesite":195,"minecraft:salmon":5,"luminousworld:ishstone":9,"minecraft:brown_wool":3,"minecraft:leather":6,"minecraft:potato":129,"biomesoplenty:fir_sapling":2,"biomesoplenty:fir_log":29,"minecraft:tuff":17,"minecraft:oak_log":37,"supplementaries:flax_seeds":1,"jeg:scrap":22,"minecraft:lapis_lazuli":53,"minecraft:dirt":46,"naturalist:bass":4,"minecraft:glass":1,"minecraft:bone":2,"minecraft:acacia_planks":4,"minecraft:apple":1,"minecraft:wheat_seeds":19,"minecraft:orange_tulip":1,"minecraft:raw_gold":13,"minecraft:iron_ingot":1,"minecraft:oak_planks":34,"jeg:tech_trash":1,"luminousworld:bass_item":1,"minecraft:cooked_porkchop":4,"minecraft:pumpkin":1,"minecraft:sweet_berries":5,"minecraft:poisonous_potato":1,"minecraft:gravel":1,"minecraft:sand":52,"mna:wand_wakebloom":2,"minecraft:dark_oak_log":14,"minecraft:mossy_cobblestone":1,"biomesoplenty:flowering_oak_sapling":5,"toughasnails:water_purifier":2,"minecraft:purple_bed":1,"minecraft:diamond":25,"minecraft:granite":3,"mna:wakebloom":1,"minecraft:oak_sapling":10,"minecraft:black_wool":5,"minecraft:hopper":1,"minecraft:coal":130,"iceandfire:raw_silver":8},"minecraft:crafted":{"minecraft:oak_door":3,"minecraft:smooth_stone":1,"minecraft:oak_planks":148,"minecraft:furnace":2,"minecraft:stone":1,"supplementaries:lapis_bricks":1,"naturalist:cooked_bass":4,"iceandfire:armor_copper_metal_helmet":1,"iceandfire:armor_copper_metal_boots":1,"minecraft:glass":50,"minecraft:hopper":1,"minecraft:diamond_helmet":1,"minecraft:diamond_leggings":1,"minecraft:bow":1,"minecraft:iron_boots":1,"iceandfire:armor_copper_metal_chestplate":1,"minecraft:stone_pickaxe":10,"minecraft:diamond_boots":1,"iceandfire:copper_pickaxe":2,"immersive_weathering:charred_planks":3,"minecraft:cooked_beef":11,"minecraft:glass_bottle":6,"luminousworld:cooked_bass":1,"iceandfire:silver_ingot":8,"minecraft:crafting_table":5,"minecraft:baked_potato":80,"travelersbackpack:standard":1,"travelersbackpack:backpack_tank":2,"minecraft:wooden_pickaxe":1,"travelersbackpack:brown_sleeping_bag":1,"minecraft:iron_helmet":1,"minecraft:iron_sword":1,"luminousworld:cooked_trout":3,"minecraft:cooked_salmon":5,"minecraft:copper_ingot":23,"minecraft:bucket":2,"minecraft:stone_axe":1,"minecraft:air":0,"biomesoplenty:fir_planks":84,"minecraft:string":40,"minecraft:white_wool":1,"minecraft:iron_chestplate":1,"minecraft:charcoal":12,"toughasnails:water_purifier":1,"minecraft:stick":48,"quark:oak_chest":7,"mna:staff_wakebloom":1,"minecraft:iron_ingot":51,"minecraft:oak_stairs":4,"minecraft:iron_pickaxe":1,"minecraft:wooden_axe":1,"minecraft:stone_sword":1,"minecraft:gold_ingot":7,"minecraft:iron_shovel":1,"minecraft:iron_leggings":1,"minecraft:black_bed":1,"stalwart_dungeons:stone_hammer":1,"minecraft:acacia_planks":16,"minecraft:torch":88,"minecraft:shears":1,"minecraft:diamond_chestplate":1}},"DataVersion":3465}