{
  "explorerscompass:explorers_compass_cracked_stone_bricks": {
    "criteria": {
      "has_recipe": "2024-08-02 16:55:55 +0000"
    },
    "done": true
  },
  "friendsandfoes:misc/yellow_dye_from_buttercup": {
    "criteria": {
      "has_the_recipe": "2024-08-02 16:55:55 +0000"
    },
    "done": true
  },
  "farmersdelight:main/root": {
    "criteria": {
      "seeds": "2024-08-02 16:55:55 +0000"
    },
    "done": true
  },
  "naturescompass:natures_compass_log": {
    "criteria": {
      "has_recipe": "2024-08-02 16:55:55 +0000"
    },
    "done": true
  },
  "naturescompass:natures_compass": {
    "criteria": {
      "has_recipe": "2024-08-02 16:55:55 +0000"
    },
    "done": true
  },
  "naturescompass:natures_compass_sapling": {
    "criteria": {
      "has_recipe": "2024-08-02 16:55:55 +0000"
    },
    "done": true
  },
  "travelersbackpack:standard_from_custom": {
    "criteria": {
      "has_the_recipe": "2024-08-02 16:55:55 +0000"
    },
    "done": true
  },
  "explorerscompass:explorers_compass_cobweb": {
    "criteria": {
      "has_recipe": "2024-08-02 16:55:55 +0000"
    },
    "done": true
  },
  "mna:root": {
    "criteria": {
      "get_vinteum": "2024-08-02 16:55:55 +0000"
    },
    "done": true
  },
  "explorerscompass:explorers_compass": {
    "criteria": {
      "has_recipe": "2024-08-02 16:55:55 +0000"
    },
    "done": true
  },
  "iceandfire:iceandfire/root": {
    "criteria": {
      "tick": "2024-08-02 16:55:56 +0000"
    },
    "done": true
  },
  "takesapillage:root": {
    "criteria": {
      "always": "2024-08-02 16:55:56 +0000"
    },
    "done": true
  },
  "orcz:orczchallenge": {
    "criteria": {
      "orczchallenge": "2024-08-02 16:55:56 +0000"
    },
    "done": true
  },
  "dungeons_arise:wda_root": {
    "criteria": {
      "WDA": "2024-08-02 16:55:56 +0000"
    },
    "done": true
  },
  "undead_revamp2:theundeadchallenges": {
    "criteria": {
      "theundeadchallenges": "2024-08-02 16:55:56 +0000"
    },
    "done": true
  },
  "mowziesmobs:root": {
    "criteria": {
      "custom_test_name": "2024-08-02 16:55:56 +0000"
    },
    "done": true
  },
  "betterdungeons:root": {
    "criteria": {
      "always": "2024-08-02 16:55:56 +0000"
    },
    "done": true
  },
  "minecraft:adventure/adventuring_time": {
    "criteria": {
      "minecraft:birch_forest": "2024-08-03 23:41:55 +0000",
      "minecraft:beach": "2024-08-02 16:57:56 +0000",
      "minecraft:river": "2024-08-03 22:23:46 +0000",
      "minecraft:forest": "2024-08-02 16:56:33 +0000",
      "minecraft:lush_caves": "2024-08-03 23:29:20 +0000",
      "minecraft:windswept_savanna": "2024-08-02 16:55:56 +0000"
    },
    "done": false
  },
  "placeablesmod:placeables": {
    "criteria": {
      "placeables": "2024-08-02 16:55:56 +0000"
    },
    "done": true
  },
  "eeeabsmobs:eeeabsmobs/root": {
    "criteria": {
      "requirement": "2024-08-02 16:55:56 +0000"
    },
    "done": true
  },
  "parcool:grant_parcool_guide": {
    "criteria": {
      "tick": "2024-08-02 16:55:56 +0000"
    },
    "done": true
  },
  "betterdeserttemples:root": {
    "criteria": {
      "always": "2024-08-02 16:55:56 +0000"
    },
    "done": true
  },
  "tombstone:adventure/root": {
    "criteria": {
      "auto": "2024-08-02 16:55:56 +0000"
    },
    "done": true
  },
  "cataclysm:root": {
    "criteria": {
      "custom_test_name": "2024-08-02 16:55:56 +0000"
    },
    "done": true
  },
  "irons_spellbooks:grant_patchouli": {
    "criteria": {
      "tick": "2024-08-02 16:55:56 +0000"
    },
    "done": true
  },
  "paraglider:root": {
    "criteria": {
      "crafting_table": "2024-08-02 16:57:23 +0000"
    },
    "done": true
  },
  "minecraft:story/root": {
    "criteria": {
      "crafting_table": "2024-08-02 16:57:23 +0000"
    },
    "done": true
  },
  "alexsmobs:alexsmobs/acacia_blossom": {
    "criteria": {
      "acacia_blossom": "2024-08-02 16:57:58 +0000"
    },
    "done": true
  },
  "farmersdelight:main/get_fd_seed": {
    "criteria": {
      "cabbage_seeds": "2024-08-02 16:58:07 +0000"
    },
    "done": true
  },
  "farmersdelight:main/plant_all_crops": {
    "criteria": {
      "cabbage": "2024-08-02 16:58:27 +0000",
      "potato": "2024-08-04 04:20:23 +0000",
      "wheat": "2024-08-04 03:19:57 +0000",
      "melon": "2024-08-03 06:05:50 +0000",
      "carrot": "2024-08-04 07:29:53 +0000"
    },
    "done": false
  },
  "immersive_weathering:immersive_weathering/dirts": {
    "criteria": {
      "sandy_dirt": "2024-08-03 06:05:58 +0000",
      "dirt": "2024-08-02 17:19:31 +0000",
      "silt": "2024-08-04 03:41:00 +0000",
      "earthen_clay": "2024-08-02 16:59:23 +0000"
    },
    "done": false
  },
  "minecraft:story/mine_stone": {
    "criteria": {
      "get_stone": "2024-08-02 16:59:25 +0000"
    },
    "done": true
  },
  "minecraft:story/upgrade_tools": {
    "criteria": {
      "stone_pickaxe": "2024-08-02 17:01:11 +0000"
    },
    "done": true
  },
  "minecraft:husbandry/root": {
    "criteria": {
      "consumed_item": "2024-08-02 17:01:46 +0000"
    },
    "done": true
  },
  "tombstone:adventure/first_grave": {
    "criteria": {
      "coded_trigger": "2024-08-02 17:02:07 +0000"
    },
    "done": true
  },
  "tombstone:recipes/from_grave_key": {
    "criteria": {
      "has_ingredient": "2024-08-02 17:02:12 +0000"
    },
    "done": true
  },
  "tombstone:adventure/cancel_ghostly_shape": {
    "criteria": {
      "coded_trigger": "2024-08-02 17:02:38 +0000"
    },
    "done": true
  },
  "tombstone:recipes/from_grave_dust": {
    "criteria": {
      "has_ingredient": "2024-08-02 17:04:42 +0000"
    },
    "done": true
  },
  "minecraft:story/smelt_iron": {
    "criteria": {
      "iron": "2024-08-02 17:20:28 +0000"
    },
    "done": true
  },
  "minecraft:story/iron_tools": {
    "criteria": {
      "iron_pickaxe": "2024-08-02 17:20:38 +0000"
    },
    "done": true
  },
  "mna:tier_0/mine_vinteum": {
    "criteria": {
      "has_stone": "2024-08-02 17:21:05 +0000"
    },
    "done": true
  },
  "mutantmonsters:root": {
    "criteria": {
      "killed_by_something": "2024-08-02 17:25:38 +0000"
    },
    "done": true
  },
  "minecraft:adventure/root": {
    "criteria": {
      "killed_by_something": "2024-08-02 17:25:38 +0000"
    },
    "done": true
  },
  "minecraft:adventure/kill_all_mobs": {
    "criteria": {
      "minecraft:pillager": "2024-08-04 05:44:25 +0000",
      "minecraft:skeleton": "2024-08-04 04:58:15 +0000",
      "minecraft:vindicator": "2024-08-04 06:02:33 +0000",
      "minecraft:spider": "2024-08-04 07:45:49 +0000",
      "minecraft:creeper": "2024-08-04 05:50:21 +0000",
      "minecraft:husk": "2024-08-02 17:54:20 +0000",
      "minecraft:cave_spider": "2024-08-04 06:35:01 +0000",
      "minecraft:zombie": "2024-08-02 17:31:38 +0000",
      "minecraft:zombie_villager": "2024-08-04 06:06:52 +0000"
    },
    "done": false
  },
  "minecraft:adventure/kill_a_mob": {
    "criteria": {
      "minecraft:zombie": "2024-08-02 17:31:38 +0000"
    },
    "done": true
  },
  "tombstone:adventure/find_grave_dust": {
    "criteria": {
      "from_undead": "2024-08-02 17:31:42 +0000"
    },
    "done": true
  },
  "tombstone:adventure/first_knowledge": {
    "criteria": {
      "coded_trigger": "2024-08-02 17:31:42 +0000"
    },
    "done": true
  },
  "iceandfire:iceandfire/kill_ghost": {
    "criteria": {
      "killed_fire_dragon": "2024-08-02 17:46:19 +0000"
    },
    "done": true
  },
  "tombstone:adventure/ashes_and_bones": {
    "criteria": {
      "coded_trigger": "2024-08-02 18:00:11 +0000"
    },
    "done": true
  },
  "minecraft:husbandry/plant_seed": {
    "criteria": {
      "melon_stem": "2024-08-03 06:05:50 +0000"
    },
    "done": true
  },
  "minecraft:husbandry/balanced_diet": {
    "criteria": {
      "cooked_porkchop": "2024-08-04 18:29:00 +0000",
      "cooked_mutton": "2024-08-04 18:28:54 +0000",
      "cooked_beef": "2024-08-04 05:35:22 +0000",
      "baked_potato": "2024-08-04 03:04:59 +0000",
      "apple": "2024-08-04 02:21:42 +0000",
      "potato": "2024-08-04 07:38:06 +0000",
      "golden_apple": "2024-08-03 22:21:52 +0000",
      "bread": "2024-08-04 03:43:52 +0000",
      "rotten_flesh": "2024-08-03 22:21:44 +0000",
      "beetroot": "2024-08-04 03:18:12 +0000",
      "cooked_chicken": "2024-08-04 16:45:48 +0000"
    },
    "done": false
  },
  "biomesoplenty:biomesoplenty/root": {
    "criteria": {
      "redwood_forest": "2024-08-03 22:23:41 +0000"
    },
    "done": true
  },
  "biomesoplenty:biomesoplenty/all_biomes": {
    "criteria": {
      "shrubland": "2024-08-04 05:43:54 +0000",
      "highland": "2024-08-03 23:26:52 +0000",
      "clover_patch": "2024-08-03 23:11:32 +0000",
      "orchard": "2024-08-03 23:11:21 +0000",
      "lavender_forest": "2024-08-04 06:34:15 +0000",
      "coniferous_forest": "2024-08-04 04:19:04 +0000",
      "spider_nest": "2024-08-04 04:52:53 +0000",
      "redwood_forest": "2024-08-03 22:23:41 +0000",
      "seasonal_orchard": "2024-08-04 19:50:29 +0000",
      "lavender_field": "2024-08-04 06:23:52 +0000",
      "fir_clearing": "2024-08-04 19:51:57 +0000",
      "pumpkin_patch": "2024-08-04 04:16:55 +0000",
      "crag": "2024-08-03 23:26:30 +0000"
    },
    "done": false
  },
  "tombstone:adventure/easy_opening": {
    "criteria": {
      "coded_trigger": "2024-08-03 22:28:32 +0000"
    },
    "done": true
  },
  "minecraft:story/obtain_armor": {
    "criteria": {
      "iron_helmet": "2024-08-04 02:08:30 +0000"
    },
    "done": true
  },
  "tombstone:adventure/mutual_aid": {
    "criteria": {
      "coded_trigger": "2024-08-04 03:49:10 +0000"
    },
    "done": true
  },
  "minecraft:adventure/sleep_in_bed": {
    "criteria": {
      "slept_in_bed": "2024-08-04 04:28:00 +0000"
    },
    "done": true
  },
  "minecraft:adventure/shoot_arrow": {
    "criteria": {
      "shot_arrow": "2024-08-04 04:31:45 +0000"
    },
    "done": true
  },
  "tombstone:adventure/strong_or_careful": {
    "criteria": {
      "coded_trigger": "2024-08-04 04:31:46 +0000"
    },
    "done": true
  },
  "tombstone:adventure/chain_death": {
    "criteria": {
      "coded_trigger": "2024-08-04 04:41:08 +0000"
    },
    "done": true
  },
  "tombstone:adventure/discreet_search": {
    "criteria": {
      "coded_trigger": "2024-08-04 04:42:42 +0000"
    },
    "done": true
  },
  "minecraft:story/lava_bucket": {
    "criteria": {
      "lava_bucket": "2024-08-04 05:00:05 +0000"
    },
    "done": true
  },
  "tombstone:adventure/create_magic_scroll": {
    "criteria": {
      "has_magic_scroll": "2024-08-04 05:03:00 +0000"
    },
    "done": true
  },
  "tombstone:adventure/create_familiar_receptacle": {
    "criteria": {
      "has_familiar_receptacle": "2024-08-04 05:03:48 +0000"
    },
    "done": true
  },
  "tombstone:adventure/ambush": {
    "criteria": {
      "coded_trigger": "2024-08-04 05:07:18 +0000"
    },
    "done": true
  },
  "minecraft:adventure/voluntary_exile": {
    "criteria": {
      "voluntary_exile": "2024-08-04 05:07:18 +0000"
    },
    "done": true
  },
  "tombstone:adventure/fortuitous_militia": {
    "criteria": {
      "coded_trigger": "2024-08-04 06:00:07 +0000"
    },
    "done": true
  },
  "minecraft:story/mine_diamond": {
    "criteria": {
      "diamond": "2024-08-04 07:12:19 +0000"
    },
    "done": true
  },
  "iceandfire:iceandfire/bestiary": {
    "criteria": {
      "bestiary": "2024-08-04 07:22:16 +0000"
    },
    "done": true
  },
  "iceandfire:iceandfire/lectern": {
    "criteria": {
      "bestiary": "2024-08-04 07:22:31 +0000"
    },
    "done": true
  },
  "orcz:magiccancellation": {
    "criteria": {
      "magiccancellation": "2024-08-04 16:28:05 +0000"
    },
    "done": true
  },
  "tombstone:adventure/bone_crusher": {
    "criteria": {
      "coded_trigger": "2024-08-04 17:58:13 +0000"
    },
    "done": true
  },
  "minecraft:husbandry/bred_all_animals": {
    "criteria": {
      "minecraft:pig": "2024-08-04 18:40:47 +0000",
      "minecraft:chicken": "2024-08-04 20:12:10 +0000"
    },
    "done": false
  },
  "minecraft:husbandry/breed_an_animal": {
    "criteria": {
      "bred": "2024-08-04 18:40:47 +0000"
    },
    "done": true
  },
  "corail_recycler:recipes/diamond_shard": {
    "criteria": {
      "requirement_2": "2024-08-04 21:53:02 +0000",
      "requirement_1": "2024-08-04 21:13:13 +0000"
    },
    "done": true
  },
  "corail_recycler:tutorial/root": {
    "criteria": {
      "auto": "2024-08-04 21:13:15 +0000"
    },
    "done": true
  },
  "corail_recycler:recipes/recycler": {
    "criteria": {
      "requirement_2": "2024-08-04 21:14:15 +0000",
      "requirement_3": "2024-08-04 21:14:10 +0000",
      "requirement_1": "2024-08-04 21:14:03 +0000"
    },
    "done": true
  },
  "corail_recycler:recipes/netherite_disk": {
    "criteria": {
      "requirement_2": "2024-08-04 21:14:15 +0000"
    },
    "done": false
  },
  "corail_recycler:recipes/steel_disk": {
    "criteria": {
      "requirement_2": "2024-08-04 21:14:15 +0000",
      "requirement_1": "2024-08-04 21:15:19 +0000"
    },
    "done": true
  },
  "corail_recycler:recipes/diamond_disk": {
    "criteria": {
      "requirement_2": "2024-08-04 21:14:15 +0000",
      "requirement_1": "2024-08-04 21:53:02 +0000"
    },
    "done": true
  },
  "corail_recycler:tutorial/build_recycler": {
    "criteria": {
      "coded_trigger": "2024-08-04 21:14:23 +0000"
    },
    "done": true
  },
  "corail_recycler:tutorial/build_disk": {
    "criteria": {
      "coded_trigger": "2024-08-04 21:15:23 +0000"
    },
    "done": true
  },
  "corail_recycler:tutorial/first_recycle": {
    "criteria": {
      "coded_trigger": "2024-08-04 21:15:44 +0000"
    },
    "done": true
  },
  "minecraft:story/shiny_gear": {
    "criteria": {
      "diamond_boots": "2024-08-04 21:49:11 +0000"
    },
    "done": true
  },
  "placeablesmod:hothothot": {
    "criteria": {
      "hothothot": "2024-08-04 22:05:36 +0000"
    },
    "done": true
  },
  "immersive_weathering:immersive_weathering/weeds": {
    "criteria": {
      "wheat": "2024-08-04 23:17:11 +0000"
    },
    "done": true
  },
  "alexsmobs:alexsmobs/skunk": {
    "criteria": {
      "ex": "2024-08-04 23:19:52 +0000"
    },
    "done": true
  },
  "mna:tier_1/cast_a_spell": {
    "criteria": {
      "cast_spell": "2024-08-05 01:02:58 +0000"
    },
    "done": true
  },
  "tombstone:adventure/funeral_theft": {
    "criteria": {
      "coded_trigger": "2024-08-05 01:11:48 +0000"
    },
    "done": true
  },
  "mna:tier_0/smelt_vinteum": {
    "criteria": {
      "has_stone": "2024-08-05 01:12:10 +0000"
    },
    "done": true
  },
  "DataVersion": 3465
}