{
  "iceandfire:iceandfire/root": {
    "criteria": {
      "tick": "2024-08-03 21:46:38 +0000"
    },
    "done": true
  },
  "takesapillage:root": {
    "criteria": {
      "always": "2024-08-03 21:46:38 +0000"
    },
    "done": true
  },
  "orcz:orczchallenge": {
    "criteria": {
      "orczchallenge": "2024-08-03 21:46:38 +0000"
    },
    "done": true
  },
  "explorerscompass:explorers_compass_cracked_stone_bricks": {
    "criteria": {
      "has_recipe": "2024-08-03 21:46:38 +0000"
    },
    "done": true
  },
  "dungeons_arise:wda_root": {
    "criteria": {
      "WDA": "2024-08-03 21:46:38 +0000"
    },
    "done": true
  },
  "undead_revamp2:theundeadchallenges": {
    "criteria": {
      "theundeadchallenges": "2024-08-03 21:46:38 +0000"
    },
    "done": true
  },
  "friendsandfoes:misc/yellow_dye_from_buttercup": {
    "criteria": {
      "has_the_recipe": "2024-08-03 21:46:38 +0000"
    },
    "done": true
  },
  "farmersdelight:main/root": {
    "criteria": {
      "seeds": "2024-08-03 21:46:38 +0000"
    },
    "done": true
  },
  "naturescompass:natures_compass_log": {
    "criteria": {
      "has_recipe": "2024-08-03 21:46:38 +0000"
    },
    "done": true
  },
  "naturescompass:natures_compass": {
    "criteria": {
      "has_recipe": "2024-08-03 21:46:38 +0000"
    },
    "done": true
  },
  "naturescompass:natures_compass_sapling": {
    "criteria": {
      "has_recipe": "2024-08-03 21:46:38 +0000"
    },
    "done": true
  },
  "travelersbackpack:standard_from_custom": {
    "criteria": {
      "has_the_recipe": "2024-08-03 21:46:38 +0000"
    },
    "done": true
  },
  "mowziesmobs:root": {
    "criteria": {
      "custom_test_name": "2024-08-03 21:46:38 +0000"
    },
    "done": true
  },
  "betterdungeons:root": {
    "criteria": {
      "always": "2024-08-03 21:46:38 +0000"
    },
    "done": true
  },
  "placeablesmod:placeables": {
    "criteria": {
      "placeables": "2024-08-03 21:46:38 +0000"
    },
    "done": true
  },
  "explorerscompass:explorers_compass_cobweb": {
    "criteria": {
      "has_recipe": "2024-08-03 21:46:38 +0000"
    },
    "done": true
  },
  "eeeabsmobs:eeeabsmobs/root": {
    "criteria": {
      "requirement": "2024-08-03 21:46:38 +0000"
    },
    "done": true
  },
  "parcool:grant_parcool_guide": {
    "criteria": {
      "tick": "2024-08-03 21:46:38 +0000"
    },
    "done": true
  },
  "mna:root": {
    "criteria": {
      "get_vinteum": "2024-08-03 21:46:38 +0000"
    },
    "done": true
  },
  "betterdeserttemples:root": {
    "criteria": {
      "always": "2024-08-03 21:46:38 +0000"
    },
    "done": true
  },
  "cataclysm:root": {
    "criteria": {
      "custom_test_name": "2024-08-03 21:46:38 +0000"
    },
    "done": true
  },
  "irons_spellbooks:grant_patchouli": {
    "criteria": {
      "tick": "2024-08-03 21:46:38 +0000"
    },
    "done": true
  },
  "explorerscompass:explorers_compass": {
    "criteria": {
      "has_recipe": "2024-08-03 21:46:38 +0000"
    },
    "done": true
  },
  "minecraft:adventure/adventuring_time": {
    "criteria": {
      "minecraft:birch_forest": "2024-08-03 23:43:09 +0000",
      "minecraft:beach": "2024-08-03 22:12:52 +0000",
      "minecraft:river": "2024-08-03 23:10:59 +0000",
      "minecraft:forest": "2024-08-03 22:11:37 +0000",
      "minecraft:windswept_savanna": "2024-08-03 21:46:39 +0000"
    },
    "done": false
  },
  "tombstone:adventure/root": {
    "criteria": {
      "auto": "2024-08-03 21:46:39 +0000"
    },
    "done": true
  },
  "mutantmonsters:root": {
    "criteria": {
      "killed_by_something": "2024-08-03 22:13:15 +0000"
    },
    "done": true
  },
  "tombstone:adventure/first_grave": {
    "criteria": {
      "coded_trigger": "2024-08-03 22:13:15 +0000"
    },
    "done": true
  },
  "minecraft:adventure/root": {
    "criteria": {
      "killed_by_something": "2024-08-03 22:13:15 +0000"
    },
    "done": true
  },
  "tombstone:recipes/from_grave_key": {
    "criteria": {
      "has_ingredient": "2024-08-03 22:13:19 +0000"
    },
    "done": true
  },
  "minecraft:story/mine_stone": {
    "criteria": {
      "get_stone": "2024-08-03 22:14:35 +0000"
    },
    "done": true
  },
  "minecraft:story/upgrade_tools": {
    "criteria": {
      "stone_pickaxe": "2024-08-03 22:14:56 +0000"
    },
    "done": true
  },
  "minecraft:husbandry/root": {
    "criteria": {
      "consumed_item": "2024-08-03 22:24:19 +0000"
    },
    "done": true
  },
  "paraglider:root": {
    "criteria": {
      "crafting_table": "2024-08-03 23:08:47 +0000"
    },
    "done": true
  },
  "minecraft:story/root": {
    "criteria": {
      "crafting_table": "2024-08-03 23:08:47 +0000"
    },
    "done": true
  },
  "biomesoplenty:biomesoplenty/root": {
    "criteria": {
      "redwood_forest": "2024-08-03 23:10:26 +0000"
    },
    "done": true
  },
  "biomesoplenty:biomesoplenty/all_biomes": {
    "criteria": {
      "shrubland": "2024-08-04 05:01:09 +0000",
      "highland": "2024-08-03 23:35:40 +0000",
      "clover_patch": "2024-08-03 23:11:35 +0000",
      "orchard": "2024-08-03 23:11:16 +0000",
      "lavender_forest": "2024-08-04 19:51:54 +0000",
      "coniferous_forest": "2024-08-04 04:53:44 +0000",
      "redwood_forest": "2024-08-03 23:10:26 +0000",
      "seasonal_orchard": "2024-08-04 19:50:34 +0000",
      "lavender_field": "2024-08-04 18:20:20 +0000",
      "fir_clearing": "2024-08-04 19:52:00 +0000",
      "pumpkin_patch": "2024-08-04 04:23:01 +0000",
      "crag": "2024-08-03 23:34:03 +0000"
    },
    "done": false
  },
  "immersive_weathering:immersive_weathering/dirts": {
    "criteria": {
      "dirt": "2024-08-03 23:12:29 +0000",
      "silt": "2024-08-04 03:43:34 +0000"
    },
    "done": false
  },
  "minecraft:adventure/kill_all_mobs": {
    "criteria": {
      "minecraft:pillager": "2024-08-04 05:44:21 +0000",
      "minecraft:spider": "2024-08-03 23:26:06 +0000",
      "minecraft:zombie": "2024-08-04 06:51:45 +0000",
      "minecraft:drowned": "2024-08-04 23:10:03 +0000",
      "minecraft:zombie_villager": "2024-08-04 02:45:53 +0000"
    },
    "done": false
  },
  "minecraft:adventure/kill_a_mob": {
    "criteria": {
      "minecraft:spider": "2024-08-03 23:26:06 +0000"
    },
    "done": true
  },
  "alexsmobs:alexsmobs/root": {
    "criteria": {
      "useitem": "2024-08-03 23:50:31 +0000"
    },
    "done": true
  },
  "minecraft:story/smelt_iron": {
    "criteria": {
      "iron": "2024-08-04 02:09:16 +0000"
    },
    "done": true
  },
  "minecraft:story/obtain_armor": {
    "criteria": {
      "iron_chestplate": "2024-08-04 02:10:59 +0000"
    },
    "done": true
  },
  "minecraft:husbandry/balanced_diet": {
    "criteria": {
      "cooked_porkchop": "2024-08-04 04:08:23 +0000",
      "cooked_mutton": "2024-08-04 07:43:15 +0000",
      "baked_potato": "2024-08-04 02:49:12 +0000",
      "bread": "2024-08-04 02:17:43 +0000",
      "carrot": "2024-08-04 21:41:02 +0000"
    },
    "done": false
  },
  "farmersdelight:main/get_fd_seed": {
    "criteria": {
      "tomato_seeds": "2024-08-04 02:47:38 +0000"
    },
    "done": true
  },
  "minecraft:husbandry/plant_seed": {
    "criteria": {
      "beetroots": "2024-08-04 02:47:45 +0000"
    },
    "done": true
  },
  "farmersdelight:main/plant_all_crops": {
    "criteria": {
      "cabbage": "2024-08-04 02:48:24 +0000",
      "glow_berries": "2024-08-05 00:59:47 +0000",
      "sweet_berries": "2024-08-04 04:28:42 +0000",
      "tomato": "2024-08-04 02:47:47 +0000",
      "beetroot": "2024-08-04 02:47:45 +0000",
      "wheat": "2024-08-04 02:47:53 +0000",
      "carrot": "2024-08-04 21:23:39 +0000"
    },
    "done": false
  },
  "minecraft:story/iron_tools": {
    "criteria": {
      "iron_pickaxe": "2024-08-04 03:04:14 +0000"
    },
    "done": true
  },
  "iceandfire:iceandfire/kill_ghost": {
    "criteria": {
      "killed_fire_dragon": "2024-08-04 03:41:34 +0000"
    },
    "done": true
  },
  "tombstone:adventure/strong_or_careful": {
    "criteria": {
      "coded_trigger": "2024-08-04 03:46:36 +0000"
    },
    "done": true
  },
  "tombstone:adventure/first_knowledge": {
    "criteria": {
      "coded_trigger": "2024-08-04 03:46:36 +0000"
    },
    "done": true
  },
  "tombstone:adventure/cancel_ghostly_shape": {
    "criteria": {
      "coded_trigger": "2024-08-04 03:48:00 +0000"
    },
    "done": true
  },
  "tombstone:recipes/from_grave_dust": {
    "criteria": {
      "has_ingredient": "2024-08-04 04:02:11 +0000"
    },
    "done": true
  },
  "minecraft:husbandry/tame_an_animal": {
    "criteria": {
      "tamed_animal": "2024-08-04 04:17:24 +0000"
    },
    "done": true
  },
  "friendsandfoes:adventure/kill_illusioner": {
    "criteria": {
      "killed_illusioner": "2024-08-04 04:23:34 +0000"
    },
    "done": true
  },
  "tombstone:adventure/ambush": {
    "criteria": {
      "coded_trigger": "2024-08-04 04:23:34 +0000"
    },
    "done": true
  },
  "friendsandfoes:adventure/the_magicians": {
    "criteria": {
      "killed_illusioner": "2024-08-04 04:23:34 +0000"
    },
    "done": false
  },
  "minecraft:adventure/sleep_in_bed": {
    "criteria": {
      "slept_in_bed": "2024-08-04 05:10:31 +0000"
    },
    "done": true
  },
  "minecraft:adventure/shoot_arrow": {
    "criteria": {
      "shot_arrow": "2024-08-04 06:02:18 +0000"
    },
    "done": true
  },
  "minecraft:husbandry/bred_all_animals": {
    "criteria": {
      "minecraft:cow": "2024-08-04 18:40:12 +0000",
      "minecraft:pig": "2024-08-04 21:23:52 +0000",
      "minecraft:sheep": "2024-08-04 06:57:45 +0000"
    },
    "done": false
  },
  "minecraft:husbandry/breed_an_animal": {
    "criteria": {
      "bred": "2024-08-04 06:57:45 +0000"
    },
    "done": true
  },
  "artifacts:amateur_archaeologist": {
    "criteria": {
      "find_artifact": "2024-08-04 07:53:30 +0000"
    },
    "done": true
  },
  "iceandfire:iceandfire/kill_if_dragon": {
    "criteria": {
      "killed_ice_dragon": "2024-08-04 08:00:28 +0000"
    },
    "done": true
  },
  "tombstone:adventure/find_grave_dust": {
    "criteria": {
      "from_undead": "2024-08-04 18:19:45 +0000"
    },
    "done": true
  },
  "minecraft:story/mine_diamond": {
    "criteria": {
      "diamond": "2024-08-04 20:47:03 +0000"
    },
    "done": true
  },
  "corail_recycler:recipes/recycler": {
    "criteria": {
      "requirement_2": "2024-08-04 23:22:32 +0000",
      "requirement_3": "2024-08-04 21:16:32 +0000",
      "requirement_1": "2024-08-04 21:18:44 +0000"
    },
    "done": true
  },
  "corail_recycler:tutorial/root": {
    "criteria": {
      "auto": "2024-08-04 21:16:33 +0000"
    },
    "done": true
  },
  "minecraft:story/shiny_gear": {
    "criteria": {
      "diamond_boots": "2024-08-04 21:54:55 +0000"
    },
    "done": true
  },
  "corail_recycler:recipes/netherite_disk": {
    "criteria": {
      "requirement_2": "2024-08-04 23:22:32 +0000"
    },
    "done": false
  },
  "corail_recycler:recipes/steel_disk": {
    "criteria": {
      "requirement_2": "2024-08-04 23:22:32 +0000",
      "requirement_1": "2024-08-05 00:21:12 +0000"
    },
    "done": true
  },
  "corail_recycler:recipes/diamond_disk": {
    "criteria": {
      "requirement_2": "2024-08-04 23:22:32 +0000"
    },
    "done": false
  },
  "corail_recycler:recipes/diamond_shard": {
    "criteria": {
      "requirement_1": "2024-08-05 00:20:19 +0000"
    },
    "done": false
  },
  "tombstone:adventure/create_familiar_receptacle": {
    "criteria": {
      "has_familiar_receptacle": "2024-08-05 00:21:22 +0000"
    },
    "done": true
  },
  "DataVersion": 3465
}